{"cameraMode":{"drawMode":0,"name":"Shaded","section":"Shading Mode"},"sceneLighting":false,"audioPlay":false,"sceneViewState":{"showFog":true,"showMaterialUpdate":true,"showSkybox":false,"showFlares":true,"showImageEffects":true,"showParticleSystems":true},"in2DMode":false,"pivot":{"x":24.99991798400879,"y":0.8432497978210449,"z":24.98760986328125},"rotation":{"x":-0.086768738925457,"y":-0.6424598097801209,"z":0.07355935871601105,"w":-0.7578295469284058},"size":4.670254707336426,"orthographic":true}