{"cameraMode":{"drawMode":0,"name":"Shaded","section":"Shading Mode"},"sceneLighting":true,"audioPlay":false,"sceneViewState":{"showFog":true,"showMaterialUpdate":false,"showSkybox":true,"showFlares":true,"showImageEffects":true,"showParticleSystems":true},"in2DMode":false,"pivot":{"x":5.02311897277832,"y":-0.7153711318969727,"z":-1.229507565498352},"rotation":{"x":0.08164248615503311,"y":0.7971931099891663,"z":-0.11071719974279404,"w":0.5878596305847168},"size":9.068842887878418,"orthographic":false}